source,scraped_at,url,sku,title,author,author_id,author_url,avg_rating,ratings_count,published_year,editions_count,work_id,cover_url,list_score,list_votes,shelved_count,series_position,listing_kind,page,position,mode,data_source
goodreads.com,2026-09-27T08:07:58.849961+00:00,https://www.goodreads.com/book/show/2767052-the-hunger-games,2767052,"The Hunger Games (The Hunger Games, #1)",Suzanne Collins,153394,https://www.goodreads.com/author/show/153394.Suzanne_Collins,4.36,10292712,,,,https://i.gr-assets.com/images/S/compressed.photo.goodreads.com/books/1586722975i/2767052._SX50_.jpg,4547035,46205,,,list,1,1,list,microdata
goodreads.com,2026-09-27T08:07:58.850368+00:00,https://www.goodreads.com/book/show/1885.Pride_and_Prejudice,1885,Pride and Prejudice,Jane Austen,1265,https://www.goodreads.com/author/show/1265.Jane_Austen,4.3,5017334,,,,https://i.gr-assets.com/images/S/compressed.photo.goodreads.com/books/1320399351i/1885._SY75_.jpg,3085040,31599,,,list,1,2,list,microdata
goodreads.com,2026-09-27T08:07:58.850723+00:00,https://www.goodreads.com/book/show/2657.To_Kill_a_Mockingbird,2657,To Kill a Mockingbird,Harper Lee,1825,https://www.goodreads.com/author/show/1825.Harper_Lee,4.26,7131622,,,,https://i.gr-assets.com/images/S/compressed.photo.goodreads.com/books/1553383690i/2657._SY75_.jpg,2674677,27308,,,list,1,3,list,microdata
goodreads.com,2026-09-27T08:07:58.851108+00:00,https://www.goodreads.com/book/show/2.Harry_Potter_and_the_Order_of_the_Phoenix,2,"Harry Potter and the Order of the Phoenix (Harry Potter, #5)",J.K. Rowling,1077326,https://www.goodreads.com/author/show/1077326.J_K_Rowling,4.5,3933733,,,,https://i.gr-assets.com/images/S/compressed.photo.goodreads.com/books/1786592302i/2._SX50_.jpg,2123707,21765,,,list,1,4,list,microdata
goodreads.com,2026-09-27T08:07:58.851494+00:00,https://www.goodreads.com/book/show/19063.The_Book_Thief,19063,The Book Thief,Markus Zusak,11466,https://www.goodreads.com/author/show/11466.Markus_Zusak,4.39,2982644,,,,https://i.gr-assets.com/images/S/compressed.photo.goodreads.com/books/1522157426i/19063._SY75_.jpg,2027925,20823,,,list,1,5,list,microdata
goodreads.com,2026-09-27T08:07:58.851846+00:00,https://www.goodreads.com/book/show/41865.Twilight,41865,"Twilight (The Twilight Saga, #1)",Stephenie Meyer,941441,https://www.goodreads.com/author/show/941441.Stephenie_Meyer,3.68,7519791,,,,https://i.gr-assets.com/images/S/compressed.photo.goodreads.com/books/1700522826i/41865._SY75_.jpg,1803694,18388,,,list,1,6,list,microdata
goodreads.com,2026-09-27T08:07:58.852198+00:00,https://www.goodreads.com/book/show/170448.Animal_Farm,170448,Animal Farm,George Orwell,3706,https://www.goodreads.com/author/show/3706.George_Orwell,4.03,4819112,,,,https://i.gr-assets.com/images/S/compressed.photo.goodreads.com/books/1325861570i/170448._SY75_.jpg,1790428,18521,,,list,1,7,list,microdata
goodreads.com,2026-09-27T08:07:58.852592+00:00,https://www.goodreads.com/book/show/30.J_R_R_Tolkien_4_Book_Boxed_Set,30,J.R.R. Tolkien 4-Book Boxed Set: The Hobbit and The Lord of the Rings,J.R.R. Tolkien,656983,https://www.goodreads.com/author/show/656983.J_R_R_Tolkien,4.62,147539,,,,https://i.gr-assets.com/images/S/compressed.photo.goodreads.com/books/1656625315i/30._SX50_.jpg,1724077,17847,,,list,1,8,list,microdata
goodreads.com,2026-09-27T08:07:58.852941+00:00,https://www.goodreads.com/book/show/11127.The_Chronicles_of_Narnia,11127,"The Chronicles of Narnia (The Chronicles of Narnia, #1-7)",C.S. Lewis,1069006,https://www.goodreads.com/author/show/1069006.C_S_Lewis,4.28,723683,,,,https://i.gr-assets.com/images/S/compressed.photo.goodreads.com/books/1661032875i/11127._SY75_.jpg,1567169,16321,,,list,1,9,list,microdata
goodreads.com,2026-09-27T08:07:58.853295+00:00,https://www.goodreads.com/book/show/11870085-the-fault-in-our-stars,11870085,The Fault in Our Stars,John Green,1406384,https://www.goodreads.com/author/show/1406384.John_Green,4.12,5889209,,,,https://i.gr-assets.com/images/S/compressed.photo.goodreads.com/books/1660273739i/11870085._SX50_.jpg,1453131,15035,,,list,1,10,list,microdata
goodreads.com,2026-09-27T08:07:58.853638+00:00,https://www.goodreads.com/book/show/5297.The_Picture_of_Dorian_Gray,5297,The Picture of Dorian Gray,Oscar Wilde,3565,https://www.goodreads.com/author/show/3565.Oscar_Wilde,4.13,2008585,,,,https://i.gr-assets.com/images/S/compressed.photo.goodreads.com/books/1546103428i/5297._SY75_.jpg,1424181,14838,,,list,1,11,list,microdata
goodreads.com,2026-09-27T08:07:58.853980+00:00,https://www.goodreads.com/book/show/28187.The_Lightning_Thief,28187,"The Lightning Thief (Percy Jackson and the Olympians, #1)",Rick Riordan,15872,https://www.goodreads.com/author/show/15872.Rick_Riordan,4.31,3567342,,,,https://i.gr-assets.com/images/S/compressed.photo.goodreads.com/books/1400602609i/28187._SY75_.jpg,1332766,13901,,,list,1,12,list,microdata
goodreads.com,2026-09-27T08:07:58.854326+00:00,https://www.goodreads.com/book/show/6185.Wuthering_Heights,6185,Wuthering Heights,Emily Brontë,4191,https://www.goodreads.com/author/show/4191.Emily_Bront_,3.89,2298014,,,,https://i.gr-assets.com/images/S/compressed.photo.goodreads.com/books/1388212715i/6185._SY75_.jpg,1286898,13419,,,list,1,13,list,microdata
goodreads.com,2026-09-27T08:07:58.854675+00:00,https://www.goodreads.com/book/show/370493.The_Giving_Tree,370493,The Giving Tree,Shel Silverstein,435477,https://www.goodreads.com/author/show/435477.Shel_Silverstein,4.39,1265450,,,,https://i.gr-assets.com/images/S/compressed.photo.goodreads.com/books/1769901237i/370493._SX50_.jpg,1268810,13132,,,list,1,14,list,microdata
goodreads.com,2026-09-27T08:07:58.855016+00:00,https://www.goodreads.com/book/show/58613451-harry-potter-and-the-order-of-the-phoenix,58613451,"Harry Potter and the Order of the Phoenix (Harry Potter, #5)",J.K. Rowling,1077326,https://www.goodreads.com/author/show/1077326.J_K_Rowling,4.5,3933733,,,,https://i.gr-assets.com/images/S/compressed.photo.goodreads.com/books/1627045351i/58613451._SY75_.jpg,1245132,12670,,,list,1,15,list,microdata
goodreads.com,2026-09-27T08:07:58.855361+00:00,https://www.goodreads.com/book/show/22628.The_Perks_of_Being_a_Wallflower,22628,The Perks of Being a Wallflower,Stephen Chbosky,12898,https://www.goodreads.com/author/show/12898.Stephen_Chbosky,4.24,2075932,,,,https://i.gr-assets.com/images/S/compressed.photo.goodreads.com/books/1650033115i/22628._SX50_.jpg,1234343,12834,,,list,1,16,list,microdata
goodreads.com,2026-09-27T08:07:58.855733+00:00,https://www.goodreads.com/book/show/157993.The_Little_Prince,157993,The Little Prince,Antoine de Saint-Exupéry,1020792,https://www.goodreads.com/author/show/1020792.Antoine_de_Saint_Exup_ry,4.34,2612744,,,,https://i.gr-assets.com/images/S/compressed.photo.goodreads.com/books/1367545443i/157993._SY75_.jpg,1225395,12885,,,list,1,17,list,microdata
goodreads.com,2026-09-27T08:07:58.856117+00:00,https://www.goodreads.com/book/show/18405.Gone_with_the_Wind,18405,Gone with the Wind,Margaret Mitchell,11081,https://www.goodreads.com/author/show/11081.Margaret_Mitchell,4.32,1272332,,,,https://i.gr-assets.com/images/S/compressed.photo.goodreads.com/books/1551144577i/18405._SY75_.jpg,1205266,12432,,,list,1,18,list,microdata
goodreads.com,2026-09-27T08:07:58.856469+00:00,https://www.goodreads.com/book/show/10210.Jane_Eyre,10210,Jane Eyre,Charlotte Brontë,1036615,https://www.goodreads.com/author/show/1036615.Charlotte_Bront_,4.16,2417982,,,,https://i.gr-assets.com/images/S/compressed.photo.goodreads.com/books/1557343311i/10210._SY75_.jpg,1183136,12424,,,list,1,19,list,microdata
goodreads.com,2026-09-27T08:07:58.856821+00:00,https://www.goodreads.com/book/show/4671.The_Great_Gatsby,4671,The Great Gatsby,F. Scott Fitzgerald,3190,https://www.goodreads.com/author/show/3190.F_Scott_Fitzgerald,3.93,6150887,,,,https://i.gr-assets.com/images/S/compressed.photo.goodreads.com/books/1738790966i/4671._SY75_.jpg,1162358,12349,,,list,1,20,list,microdata
goodreads.com,2026-09-27T08:07:58.857169+00:00,https://www.goodreads.com/book/show/7144.Crime_and_Punishment,7144,Crime and Punishment,Fyodor Dostoevsky,3137322,https://www.goodreads.com/author/show/3137322.Fyodor_Dostoevsky,4.29,1161484,,,,https://i.gr-assets.com/images/S/compressed.photo.goodreads.com/books/1382846449i/7144._SY75_.jpg,1104014,11484,,,list,1,21,list,microdata
goodreads.com,2026-09-27T08:07:58.857504+00:00,https://www.goodreads.com/book/show/968.The_Da_Vinci_Code,968,"The Da Vinci Code (Robert Langdon, #2)",Dan Brown,630,https://www.goodreads.com/author/show/630.Dan_Brown,3.94,2586689,,,,https://i.gr-assets.com/images/S/compressed.photo.goodreads.com/books/1720313229i/968._SY75_.jpg,1043730,10967,,,list,1,22,list,microdata
goodreads.com,2026-09-27T08:07:58.857846+00:00,https://www.goodreads.com/book/show/24213.Alice_s_Adventures_in_Wonderland_Through_the_Looking_Glass,24213,Alice’s Adventures in Wonderland / Through the Looking-Glass,Lewis Carroll,8164,https://www.goodreads.com/author/show/8164.Lewis_Carroll,4.06,624533,,,,https://i.gr-assets.com/images/S/compressed.photo.goodreads.com/books/1630487234i/24213._SX50_.jpg,1027460,10830,,,list,1,23,list,microdata
goodreads.com,2026-09-27T08:07:58.858193+00:00,https://www.goodreads.com/book/show/13335037-divergent,13335037,"Divergent (Divergent, #1)",Veronica Roth,4039811,https://www.goodreads.com/author/show/4039811.Veronica_Roth,4.13,4493163,,,,https://i.gr-assets.com/images/S/compressed.photo.goodreads.com/books/1618526890i/13335037._SY75_.jpg,1027134,10764,,,list,1,24,list,microdata
goodreads.com,2026-09-27T08:07:58.858543+00:00,https://www.goodreads.com/book/show/24280.Les_Mis_rables,24280,Les Misérables,Victor Hugo,13661,https://www.goodreads.com/author/show/13661.Victor_Hugo,4.22,866396,,,,https://i.gr-assets.com/images/S/compressed.photo.goodreads.com/books/1411852091i/24280._SY75_.jpg,988583,10379,,,list,1,25,list,microdata
goodreads.com,2026-09-27T08:07:58.858884+00:00,https://www.goodreads.com/book/show/8127.Anne_of_Green_Gables,8127,"Anne of Green Gables (Anne of Green Gables, #1)",L.M. Montgomery,5350,https://www.goodreads.com/author/show/5350.L_M_Montgomery,4.33,1157637,,,,https://i.gr-assets.com/images/S/compressed.photo.goodreads.com/books/1615094578i/8127._SY75_.jpg,985586,10359,,,list,1,26,list,microdata
goodreads.com,2026-09-27T08:07:58.859235+00:00,https://www.goodreads.com/book/show/929.Memoirs_of_a_Geisha,929,Memoirs of a Geisha,Arthur Golden,614,https://www.goodreads.com/author/show/614.Arthur_Golden,4.16,2146782,,,,https://i.gr-assets.com/images/S/compressed.photo.goodreads.com/books/1409595968i/929._SY75_.jpg,981208,10224,,,list,1,27,list,microdata
goodreads.com,2026-09-27T08:07:58.859570+00:00,https://www.goodreads.com/book/show/865.The_Alchemist,865,The Alchemist,Paulo Coelho,566,https://www.goodreads.com/author/show/566.Paulo_Coelho,3.92,3760861,,,,https://i.gr-assets.com/images/S/compressed.photo.goodreads.com/books/1483412266i/865._SY75_.jpg,977346,10204,,,list,1,28,list,microdata
goodreads.com,2026-09-27T08:07:58.859933+00:00,https://www.goodreads.com/book/show/7624.Lord_of_the_Flies,7624,Lord of the Flies,William Golding,306,https://www.goodreads.com/author/show/306.William_Golding,3.71,3320177,,,,https://i.gr-assets.com/images/S/compressed.photo.goodreads.com/books/1327869409i/7624._SY75_.jpg,964293,10235,,,list,1,29,list,microdata
goodreads.com,2026-09-27T08:07:58.860292+00:00,https://www.goodreads.com/book/show/18135.Romeo_and_Juliet,18135,Romeo and Juliet,William Shakespeare,947,https://www.goodreads.com/author/show/947.William_Shakespeare,3.74,2893647,,,,https://i.gr-assets.com/images/S/compressed.photo.goodreads.com/books/1629680008i/18135._SY75_.jpg,943131,10092,,,list,1,30,list,microdata
