source,scraped_at,url,sku,title,author,author_id,author_url,contributors,work_id,avg_rating,ratings_count,reviews_count,rating_1,rating_2,rating_3,rating_4,rating_5,review_languages,first_published,original_title,genres,series,series_url,series_position,awards,characters,places,currently_reading,want_to_read,format,pages,published_at,publisher,language,isbn,isbn13,asin,description,cover_url,page,position,mode,data_source
goodreads.com,2026-09-27T08:08:06.186394+00:00,https://www.goodreads.com/book/show/7332.The_Silmarillion,7332,The Silmarillion,J.R.R. Tolkien,656983,https://www.goodreads.com/author/show/656983.J_R_R_Tolkien,J.R.R. Tolkien (Author) | Christopher Tolkien (Editor) | Ted Nasmith (Illustrator),4733799,4.04,350063,17470,7893,21763,66026,105892,148489,en:14212 | es:1070 | it:286 | pl:118 | no:23 | fi:36 | ca:15 | de:100 | is:6 | nl:71 | bg:23 | fr:117 | sr:6 | tr:99 | sk:16 | uk:34 | hu:9 | fa:74 | sv:37 | pt:247 | cs:29 | th:3 | el:30 | sq:2 | lt:16 | ar:23 | da:17 | zh-TW:1 | zh:4 | ru:25 | ka:12 | gl:2 | ms:1 | id:33 | sl:4 | et:4 | he:3 | ro:12 | az:2 | hr:4 | lv:2 | bs:1 | sd:1 | tl:1 | be:1,1977-09-15,The Silmarillion,Fantasy | Fiction | Classics | High Fantasy | Epic Fantasy | Science Fiction Fantasy | Audiobook | Mythology | Literature | Adventure,Middle Earth,https://www.goodreads.com/series/66175-middle-earth,0.5,Locus Award — Best Fantasy Novel (1978) | Ditmar Award — Best International Long Fiction (1978) | Gandalf Award (1978),Gandalf | Saruman | Elrond Half-elven | Galadriel | Finwë | Fingolfin | Celebrian | Bregor | Beren | Túrin Turambar | Húrin Thalion | Niënor | Glaurung | Fëanor | Tuor | Lúthien | Morgoth,,42424,302672,Hardcover,386,2004-11-15,Houghton Mifflin Company,English,0618391118,9780618391110,0618391118,"The Silmarillion is an account of the Elder Days, of the First Age of Tolkien’s world. It is the ancient drama to which the characters in The Lord of the Rings look back, and in whose events some of them such as Elrond and Galadriel took part. The tales of The Silmarillion are set in an age when Morgoth, the first Dark Lord, dwelt in Middle-Earth, and the High Elves made war upon him for the recovery of the Silmarils, the jewels containing the pure light of Valinor.",https://m.media-amazon.com/images/S/compressed.photo.goodreads.com/books/1610045590i/7332.jpg,1,1,book,apollo+jsonld
goodreads.com,2026-09-27T08:08:11.317852+00:00,https://www.goodreads.com/book/show/5907.The_Hobbit_or_There_and_Back_Again,5907,"The Hobbit, or There and Back Again",J.R.R. Tolkien,656983,https://www.goodreads.com/author/show/656983.J_R_R_Tolkien,J.R.R. Tolkien (Author) | Douglas A. Anderson (Editor) | Michael Hague (Illustrator) | Jemima Catlin (Illustrator),1540236,4.3,4638557,95336,94599,145935,544965,1336217,2516841,en:79996 | fr:468 | es:3727 | de:478 | no:72 | ar:174 | pt:1015 | nl:396 | ru:71 | sv:195 | id:183 | tr:242 | pl:731 | fa:223 | tl:4 | fi:120 | it:858 | da:60 | cs:142 | bg:58 | ms:2 | ro:52 | ca:57 | az:10 | ka:30 | hy:4 | el:34 | hu:34 | bn:15 | vi:79 | lt:55 | lv:22 | uk:116 | et:18 | sk:45 | is:19 | sl:10 | th:9 | sr:13 | he:13 | hr:6 | gl:9 | zh:4 | kn:1 | eu:3 | eo:5 | ko:1 | zh-TW:7 | la:1 | ga:1 | be:4 | af:1 | ur:1 | ku:2 | cy:3,1937-09-21,The Hobbit,Fantasy | Classics | Fiction | Adventure | Young Adult | Audiobook | High Fantasy | Science Fiction Fantasy | Dragons | Novels,Middle Earth,https://www.goodreads.com/series/66175-middle-earth,1,Keith Barker Millennium Book Award (2000) | Books I Loved Best Yearly (BILBY) Awards — Older Readers (1997) | Mythopoeic Scholarship Award — Inklings Studies (1990),Gandalf | Bilbo Baggins | Thorin Oakenshield | Smaug | Elrond Half-elven | Gollum | Dwalin | Balin | Kili | Fili | Dori | Ori | Nori | Oin | Gloin | Bifur | Bofur | Bombur | Beorn | Bard the Bowman,Middle Earth,119042,1394198,Paperback,366,2002-08-15,Houghton Mifflin,English,,,B0DN8P5BQF,"In a hole in the ground there lived a hobbit. Not a nasty, dirty, wet hole, filled with the ends of worms and an oozy smell, nor yet a dry, bare, sandy hole with nothing in it to sit down on or to eat: it was a hobbit-hole, and that means comfort.
Written for J.R.R. Tolkien’s own children, The Hobbit met with instant critical acclaim when it was first published in 1937. Now recognized as a timeless classic, this introduction to the hobbit Bilbo Baggins, the wizard Gandalf, Gollum, and the spectacular world of Middle-earth recounts of the adventures of a reluctant hero, a powerful and dangerous ring, and the cruel dragon Smaug the Magnificent. The text in this 372-page paperback edition is based on that first published in Great Britain by Collins Modern Classics (1998), and includes a note on the text by Douglas A. Anderson (2001).

9780618260300",https://m.media-amazon.com/images/S/compressed.photo.goodreads.com/books/1546071216i/5907.jpg,2,1,book,apollo+jsonld
goodreads.com,2026-09-27T08:08:13.859327+00:00,https://www.goodreads.com/book/show/35736.The_Adventures_of_Tom_Bombadil,35736,The Adventures of Tom Bombadil,J.R.R. Tolkien,656983,https://www.goodreads.com/author/show/656983.J_R_R_Tolkien,J.R.R. Tolkien (Author) | Roger Garland (Illustrator),2963754,3.8,12197,943,141,776,3690,4308,3282,en:686 | fr:18 | es:55 | ca:1 | fi:5 | nl:15 | el:1 | tr:20 | no:2 | de:14 | pt:11 | it:49 | da:3 | fa:16 | pl:4 | id:1 | ru:1 | is:2 | ar:1,1962-11-22,The Adventures of Tom Bombadil and Other Verses from the Red Book,Fantasy | Poetry | Fiction | Classics | Adventure | Audiobook | High Fantasy | Childrens | Short Stories | Literature,Middle Earth,https://www.goodreads.com/series/66175-middle-earth,1.5,,Tom Bombadil,,1152,19959,Hardcover,75,1991-01-01,Houghton Mifflin Harcourt,English,0395576474,9780395576472,0395576474,"This adventure book tells of Tom's encounters with the River-woman's beautiful daughter, Old Man Willow, the Badger-folk, the ghostly Barrowwight, a lovely princess, trolls, dwarves, and legendary beasts. A delightful volume of 16 songs, rhymes and poems from the acclaimed The Hobbit. Illustrated.",https://m.media-amazon.com/images/S/compressed.photo.goodreads.com/books/1285548992i/35736.jpg,3,1,book,apollo+jsonld
goodreads.com,2026-09-27T08:08:16.925226+00:00,https://www.goodreads.com/book/show/61215351-the-fellowship-of-the-ring,61215351,"The Fellowship of the Ring (The Lord of the Rings, #1)",J.R.R. Tolkien,656983,https://www.goodreads.com/author/show/656983.J_R_R_Tolkien,J.R.R. Tolkien (Author),3204327,4.41,3240978,58854,55603,82069,309652,822002,1971652,en:48782 | fr:358 | es:2670 | uk:90 | pt:633 | sv:201 | tr:219 | nl:263 | ar:96 | fi:98 | it:462 | ro:33 | is:16 | pl:412 | ca:37 | de:335 | id:109 | da:51 | vi:98 | cs:109 | no:46 | lt:49 | sk:40 | lv:18 | fa:199 | zh:3 | az:5 | bs:1 | ru:38 | eu:4 | tl:4 | ka:15 | sr:24 | be:7 | hu:17 | th:10 | ur:2 | bg:16 | sl:13 | zh-TW:2 | he:2 | et:12 | hy:3 | hr:4 | gl:5 | el:41 | sq:1 | uz:1 | af:3 | bn:7 | eo:1,1954-07-29,The Lord of the Rings: The Fellowship of the Ring,Fantasy | Classics | Fiction | Adventure | Audiobook | High Fantasy | Epic Fantasy | Science Fiction Fantasy | Novels | Young Adult,Middle Earth,https://www.goodreads.com/series/66175-middle-earth,2,British Book Award — Audiobook: Fiction (2022) | Publieksprijs voor het Nederlandse Boek (2002),Frodo Baggins | Meriadoc Brandybuck | Gandalf | Aragorn | Gimli | Boromir | Bilbo Baggins | Tom Bombadil | Rúmil | Saruman | Elrond Half-elven | Arwen Undómiel | Galadriel | Gollum | Peregrin Took | Goldberry | Legolas | Sam Gamgee,Middle Earth,110552,1000657,Kindle Edition,432,2022-06-01,William Morrow,English,,,B0DT42KYKH,"Sauron, the Dark Lord, has gathered to him all the Rings of Power – the means by which he intends to rule Middle-earth. All he lacks in his plans for dominion is the One Ring – the ring that rules them all – which has fallen into the hands of the hobbit, Bilbo Baggins.

In a sleepy village in the Shire, young Frodo Baggins finds himself faced with an immense task, as his elderly cousin Bilbo entrusts the Ring to his care. Frodo must leave his home and make a perilous journey across Middle-earth to the Cracks of Doom, there to destroy the Ring and foil the Dark Lord in his evil purpose.",https://m.media-amazon.com/images/S/compressed.photo.goodreads.com/books/1654215925i/61215351.jpg,4,1,book,apollo+jsonld
goodreads.com,2026-09-27T08:08:20.241647+00:00,https://www.goodreads.com/book/show/61215372-the-two-towers,61215372,"The Two Towers (The Lord of the Rings, #2)",J.R.R. Tolkien,656983,https://www.goodreads.com/author/show/656983.J_R_R_Tolkien,J.R.R. Tolkien (Author),2963845,4.51,1182649,29641,5951,17088,96853,312832,749925,en:24109 | nl:111 | pt:334 | es:1382 | sv:109 | pl:201 | cs:53 | sk:24 | fr:158 | ro:15 | de:174 | it:224 | ka:7 | uk:38 | no:33 | da:28 | fa:131 | ca:17 | vi:30 | fi:49 | lt:26 | tr:119 | bn:2 | ar:38 | id:55 | is:10 | ru:17 | az:6 | be:1 | et:8 | tl:4 | eo:1 | gl:2 | bg:4 | el:17 | hu:5 | lv:9 | sr:4 | kn:1 | th:10 | eu:2 | sl:6 | zh:2 | mn:1 | zh-TW:1 | af:1 | tt:1 | hr:2,1954-11-11,The Lord of the Rings: The Two Towers,Fantasy | Fiction | Classics | Adventure | Audiobook | High Fantasy | Epic Fantasy | Science Fiction Fantasy | Novels | Literature,Middle Earth,https://www.goodreads.com/series/66175-middle-earth,3,,Frodo Baggins | Meriadoc Brandybuck | Gandalf | Aragorn | Gimli | Boromir | Bilbo Baggins | Eriol | Rúmil | Treebeard | Saruman | Éowyn | Éomer | Elrond Half-elven | Arwen Undómiel | Galadriel | Faramir | Gollum | Peregrin Took | Legolas | Sam Gamgee,Middle Earth,40034,431117,Kindle Edition,448,2022-06-01,William Morrow,English,,,B0DT3YQ3DF,"Begin your journey into Middle-earth.

The inspiration for the upcoming original series on Prime Video, The Lord of the Rings: The Rings of Power.

The Two Towers is the second part of J.R.R. Tolkien’s epic adventure The Lord of the Rings.

One Ring to rule them all, One Ring to find them, One Ring to bring them all and in the darkness bind them.

Frodo and his Companions of the Ring have been beset by danger during their quest to prevent the Ruling Ring from falling into the hands of the Dark Lord by destroying it in the Cracks of Doom. They have lost the wizard, Gandalf, in a battle in the Mines of Moria. And Boromir, seduced by the power of the Ring, tried to seize it by force. While Frodo and Sam made their escape, the rest of the company was attacked by Orcs. Now they continue the journey alone down the great River Anduin—alone, that is, save for the mysterious creeping figure that follows wherever they go.",https://m.media-amazon.com/images/S/compressed.photo.goodreads.com/books/1654216149i/61215372.jpg,5,1,book,apollo+jsonld
